{"cameraMode":{"drawMode":0,"name":"Shaded","section":"Shading Mode"},"sceneLighting":true,"audioPlay":false,"sceneViewState":{"m_AlwaysRefresh":false,"showFog":true,"showSkybox":true,"showFlares":true,"showImageEffects":true,"showParticleSystems":true,"showVisualEffectGraphs":true,"m_FxEnabled":true},"in2DMode":false,"pivot":{"x":13.766573905944825,"y":11.460583686828614,"z":101.18829345703125},"rotation":{"x":-0.1910754144191742,"y":0.28870725631713869,"z":-0.05891759693622589,"w":-0.9363051056861877},"size":0.9063336849212647,"orthographic":false}