{"cameraMode":{"drawMode":0,"name":"Shaded","section":"Shading Mode"},"sceneLighting":false,"audioPlay":false,"sceneViewState":{"m_AlwaysRefresh":false,"showFog":true,"showSkybox":false,"showFlares":true,"showImageEffects":true,"showParticleSystems":true,"showVisualEffectGraphs":true,"m_FxEnabled":true},"in2DMode":false,"pivot":{"x":0.18000000715255738,"y":1.4056999683380128,"z":-1.0399999618530274},"rotation":{"x":-0.20220011472702027,"y":-0.6935251951217651,"z":0.21316677331924439,"w":-0.6578549742698669},"size":0.48296618461608889,"orthographic":false}